channel,current_weekly_budget,recommended_weekly_budget,change_usd,change_pct
Google Search,13046.658557692306,11983.344139385168,-1063.314418307138,-0.08150090029605384
Meta,8720.519134615386,8256.229286451966,-464.2898481634202,-0.05324107899958153
YouTube,4749.377403846153,5644.823597158547,895.4461933123939,0.18853970050626875
Display,3629.594134615385,4261.752207773547,632.1580731581616,0.1741677029751838
